{"cameraMode":{"drawMode":0,"name":"Shaded","section":"Shading Mode"},"sceneLighting":true,"audioPlay":false,"sceneViewState":{"m_AlwaysRefresh":false,"showFog":true,"showSkybox":true,"showFlares":true,"showImageEffects":true,"showParticleSystems":true,"showVisualEffectGraphs":true,"m_FxEnabled":true},"in2DMode":false,"pivot":{"x":-0.8608323335647583,"y":-4.583677291870117,"z":-3.8006296157836916},"rotation":{"x":0.010032513178884983,"y":0.9484171271324158,"z":-0.3172220289707184,"w":0.026359185576438905},"size":7.928512096405029,"orthographic":false}